text,created_at,retweet_count,url
"RT @MarkJP1008: NewJeans x PUBG storyboard

#NewJeans #ë‰´ì§„ìŠ¤ 
#NewJeans_is_Everywhere
#Minji #Hanni #Haerin #Hyein #Danielle https://t.co/rkdâ€¦",2024-07-20T06:53:57.000Z,115,https://twitter.com/twitter/status/1814554319217435065
"RT @DanielleMarshID: With CELINE, many Danielle beautiful moments are created ğŸ–¤

#DANIELLExCELINE
#ë‰´ì§„ìŠ¤ #NewJeans
#ë‹¤ë‹ˆì—˜ #Danielle #ãƒ€ãƒ‹ã‚¨ãƒ« httpsâ€¦",2024-07-20T06:53:55.000Z,36,https://twitter.com/twitter/status/1814554311587999938
RT @newjs11: ë‰´ì§„ìŠ¤ ìƒ¤ì¹´íƒì–µì§€ í‘œì ˆë…¼ë€ì„ ì§€ê¸ˆì™€ì„œ ë‹¤ì‹œ ìµœì´ˆ í„°íŠ¸ë¦° í•˜ì´ë¸Œì „ë‹´ ìŠ¤í”¼ì»¤ ë¬¸í™”ì¼ë³´ ì•ˆì§„ìš©ì˜ ìœ íˆ¬ë¸Œë ‰ì¹´ì±„ë„ì…ë‹ˆë‹¤.ì•„ëŠ” ì‚¬ëŒì€ ë‹¤ ì•Œê² ì§€ë§Œ í˜¹ì‹œë‚˜ ëª¨ë¥´ëŠ” ì‚¬ëŒì´ ìˆì„ê¹Œë´.ë‹¨ë…ì´ë¼ê³  í•˜ì´ë¸Œì—ì„œ ì†ŒìŠ¤ë¥¼ ì œê³µë°›ì€ê±°ê³  ì´ì‚¬ëŒì€ ì´ì „ë¶€í„°â€¦,2024-07-20T06:53:52.000Z,89,https://twitter.com/twitter/status/1814554298287591521
"RT @hiphamhanniy: ë‰´ì§„ìŠ¤ì™€ ë²„ë‹ˆì¦ˆê°€ í•¨ê»˜ ë‹¬ë ¤ì˜¨ ì‹œê°„ì´ ê³§ 2ì£¼ë…„.. ğŸ«   ì•ìœ¼ë¡œë„ ì¦ê¸°ë©´ì„œ í–‰ë³µí–ˆìœ¼ë©´ í•´ 

#NewJeans_is_Everywhere  
#NewJeans  #bunnies ğŸ¦‹ 240722âœ¨ https://t.co/â€¦",2024-07-20T06:53:46.000Z,2,https://twitter.com/twitter/status/1814554276019998762
"RT @madzzic: í•˜ ì˜¤ëŠ˜ ê¿ˆì—ì„œ
ë‰´ì§„ì‚¬ ìƒˆë©¤ë²„ë¡œ ë°ë·”í•˜ëŠ”ë°
ì•ˆë¬´ë„ í•˜ë‚˜ë„ ëª¨ë¥´ê³  ì§„ì‹¬ ì € ì•„ì¤Œë§ˆ ë­ëƒëŠ” ì†Œë¦¬ ë“¤ì–´ì„œ ë„ˆë¬´ ê´´ë¡œì› ìŒ ì‹¬ì§€ì–´ ì—°ë§ë¬´ëŒ€ì—ì„œ ë°ë·”í•´ê°€ì§€ê³  ì¸í„°ë„· ë‚œë¦¬ë‚˜ê³  ë¯¼í¬ì§„ì€ ì €ê±° ì«“ì•„ë‚´ë¼ê³  ì†Œë¦¬ì§€ë¥´ê³  ë‰´ì§„ìŠ¤ ë©¤ë²„ë“¤ì´ ë‚˜ ë¶ˆí¸í•´í•˜â€¦",2024-07-20T06:53:46.000Z,1696,https://twitter.com/twitter/status/1814554275777028311
RT @bluemoon_hn: 240720 WOWOWãƒ—ãƒ©ã‚¤ãƒ  #ë‰´ì§„ìŠ¤ #NewJeans https://t.co/Q7KC4qOlxS,2024-07-20T06:53:41.000Z,40,https://twitter.com/twitter/status/1814554252674539947
"RT @newjeanswllpp: NewJeans ""Right Now"" #ì‡¼ìŒì•…ì¤‘ì‹¬ Wallpaper (4K) 

#NewJeans #ë‰´ì§„ìŠ¤ @NewJeans_ADOR https://t.co/LObgZB0g1Y",2024-07-20T06:53:34.000Z,108,https://twitter.com/twitter/status/1814554222496768474
"RT @UpdatesNewJeans: [ğŸ“¢] 

Fortnite will collaborate with NewJeans in December 

#NewJeans #ë‰´ì§„ìŠ¤ https://t.co/2RrtbVFNNA",2024-07-20T06:53:33.000Z,571,https://twitter.com/twitter/status/1814554219749294215
"RT @madzzic: í•˜ ì˜¤ëŠ˜ ê¿ˆì—ì„œ
ë‰´ì§„ì‚¬ ìƒˆë©¤ë²„ë¡œ ë°ë·”í•˜ëŠ”ë°
ì•ˆë¬´ë„ í•˜ë‚˜ë„ ëª¨ë¥´ê³  ì§„ì‹¬ ì € ì•„ì¤Œë§ˆ ë­ëƒëŠ” ì†Œë¦¬ ë“¤ì–´ì„œ ë„ˆë¬´ ê´´ë¡œì› ìŒ ì‹¬ì§€ì–´ ì—°ë§ë¬´ëŒ€ì—ì„œ ë°ë·”í•´ê°€ì§€ê³  ì¸í„°ë„· ë‚œë¦¬ë‚˜ê³  ë¯¼í¬ì§„ì€ ì €ê±° ì«“ì•„ë‚´ë¼ê³  ì†Œë¦¬ì§€ë¥´ê³  ë‰´ì§„ìŠ¤ ë©¤ë²„ë“¤ì´ ë‚˜ ë¶ˆí¸í•´í•˜â€¦",2024-07-20T06:53:30.000Z,1696,https://twitter.com/twitter/status/1814554206994641368
"RT @MarkJP1008: NewJeans Bunnies Camp Tokyo 2024 at WOWOW

**Special feature on NewJeans for 4 consecutive months and A special interview fâ€¦",2024-07-20T06:53:29.000Z,151,https://twitter.com/twitter/status/1814554203500781581
"RT @joker_bunnies: ğŸ˜²~
#ë†€ëŸ¬ì™€ìš”_ë‰´ì§„ìŠ¤ìˆ² 
#ë‰´ì§„ìŠ¤ #Newjeans #NEWãƒ¼ã˜ãƒ¼ã‚“ãš #ë‰´ì§„ìŠ¤2ì£¼ë…„ì¹´í˜ https://t.co/iy5qv7aKJ0",2024-07-20T06:53:25.000Z,9,https://twitter.com/twitter/status/1814554186421575980
"RT @madzzic: í•˜ ì˜¤ëŠ˜ ê¿ˆì—ì„œ
ë‰´ì§„ì‚¬ ìƒˆë©¤ë²„ë¡œ ë°ë·”í•˜ëŠ”ë°
ì•ˆë¬´ë„ í•˜ë‚˜ë„ ëª¨ë¥´ê³  ì§„ì‹¬ ì € ì•„ì¤Œë§ˆ ë­ëƒëŠ” ì†Œë¦¬ ë“¤ì–´ì„œ ë„ˆë¬´ ê´´ë¡œì› ìŒ ì‹¬ì§€ì–´ ì—°ë§ë¬´ëŒ€ì—ì„œ ë°ë·”í•´ê°€ì§€ê³  ì¸í„°ë„· ë‚œë¦¬ë‚˜ê³  ë¯¼í¬ì§„ì€ ì €ê±° ì«“ì•„ë‚´ë¼ê³  ì†Œë¦¬ì§€ë¥´ê³  ë‰´ì§„ìŠ¤ ë©¤ë²„ë“¤ì´ ë‚˜ ë¶ˆí¸í•´í•˜â€¦",2024-07-20T06:53:17.000Z,1696,https://twitter.com/twitter/status/1814554152099590543
RT @bluemoon_hn: 240720 WOWOWãƒ—ãƒ©ã‚¤ãƒ  #ë‰´ì§„ìŠ¤ #NewJeans https://t.co/Q7KC4qOlxS,2024-07-20T06:53:16.000Z,40,https://twitter.com/twitter/status/1814554150354755961
"RT @NJchartsJP: NewJeansã¨ãƒ•ã‚©ãƒ¼ãƒˆãƒŠã‚¤ãƒˆãŒä»Šå¹´ã®12æœˆã‹ã‚‰ã‚³ãƒ©ãƒœã‚’é–‹å§‹ã—ã¾ã™ï¼

#NewJeans #ë‰´ì§„ìŠ¤ https://t.co/kIUzPJzbLZ",2024-07-20T06:53:08.000Z,482,https://twitter.com/twitter/status/1814554115982148028
"RT @madzzic: í•˜ ì˜¤ëŠ˜ ê¿ˆì—ì„œ
ë‰´ì§„ì‚¬ ìƒˆë©¤ë²„ë¡œ ë°ë·”í•˜ëŠ”ë°
ì•ˆë¬´ë„ í•˜ë‚˜ë„ ëª¨ë¥´ê³  ì§„ì‹¬ ì € ì•„ì¤Œë§ˆ ë­ëƒëŠ” ì†Œë¦¬ ë“¤ì–´ì„œ ë„ˆë¬´ ê´´ë¡œì› ìŒ ì‹¬ì§€ì–´ ì—°ë§ë¬´ëŒ€ì—ì„œ ë°ë·”í•´ê°€ì§€ê³  ì¸í„°ë„· ë‚œë¦¬ë‚˜ê³  ë¯¼í¬ì§„ì€ ì €ê±° ì«“ì•„ë‚´ë¼ê³  ì†Œë¦¬ì§€ë¥´ê³  ë‰´ì§„ìŠ¤ ë©¤ë²„ë“¤ì´ ë‚˜ ë¶ˆí¸í•´í•˜â€¦",2024-07-20T06:53:06.000Z,1696,https://twitter.com/twitter/status/1814554107593830696
"RT @madzzic: í•˜ ì˜¤ëŠ˜ ê¿ˆì—ì„œ
ë‰´ì§„ì‚¬ ìƒˆë©¤ë²„ë¡œ ë°ë·”í•˜ëŠ”ë°
ì•ˆë¬´ë„ í•˜ë‚˜ë„ ëª¨ë¥´ê³  ì§„ì‹¬ ì € ì•„ì¤Œë§ˆ ë­ëƒëŠ” ì†Œë¦¬ ë“¤ì–´ì„œ ë„ˆë¬´ ê´´ë¡œì› ìŒ ì‹¬ì§€ì–´ ì—°ë§ë¬´ëŒ€ì—ì„œ ë°ë·”í•´ê°€ì§€ê³  ì¸í„°ë„· ë‚œë¦¬ë‚˜ê³  ë¯¼í¬ì§„ì€ ì €ê±° ì«“ì•„ë‚´ë¼ê³  ì†Œë¦¬ì§€ë¥´ê³  ë‰´ì§„ìŠ¤ ë©¤ë²„ë“¤ì´ ë‚˜ ë¶ˆí¸í•´í•˜â€¦",2024-07-20T06:53:04.000Z,1696,https://twitter.com/twitter/status/1814554097389088797
"RT @newjeans_loop: 240720

That's weirdğŸ«§It's not raining again!!

#ë‰´ì§„ìŠ¤ #NewJeans #ë¯¼ì§€ #Minji #ãƒŸãƒ³ã‚¸ https://t.co/qOyxyv8VwH",2024-07-20T06:52:51.000Z,88,https://twitter.com/twitter/status/1814554045761400978
"RT @MarkJP1008: NewJeans x Fortnite coming December 2024

#NewJeans #ë‰´ì§„ìŠ¤
#NewJeans_is_Everywhere
#Hanni #Minji #Haerin #Hyein #Danielle httâ€¦",2024-07-20T06:52:51.000Z,184,https://twitter.com/twitter/status/1814554042691199411
"RT @hiphamhanniy: ë‰´ì§„ìŠ¤ì™€ ë²„ë‹ˆì¦ˆê°€ í•¨ê»˜ ë‹¬ë ¤ì˜¨ ì‹œê°„ì´ ê³§ 2ì£¼ë…„.. ğŸ«   ì•ìœ¼ë¡œë„ ì¦ê¸°ë©´ì„œ í–‰ë³µí–ˆìœ¼ë©´ í•´ 

#NewJeans_is_Everywhere  
#NewJeans  #bunnies ğŸ¦‹ 240722âœ¨ https://t.co/â€¦",2024-07-20T06:52:50.000Z,2,https://twitter.com/twitter/status/1814554040216527252
"RT @NewJeansCharts: .@NewJeans_ADOR Gaming Collabs

âœ… League of Legends (October 2023)
âœ… PUBG (June 2024)
ğŸ”œ Fortnite (December 2024)

#NewJâ€¦",2024-07-20T06:52:45.000Z,589,https://twitter.com/twitter/status/1814554017680535679
"ëŒ€ë¦¬ í¼ë¦¼ ì§„í–‰í•©ë‹ˆë‹¤

ì„ ì…ê¸ˆ X
ìˆ˜ê³ ë¹„ ê³ ì • 1 

https://t.co/USpDWGWL6G

ê²½ë ¥ ìŒ“ëŠ” ì¤‘ì´ë¼ ì‹¤íŒ¨ ê°€ëŠ¥ì„± â­•ï¸

ìœ„ë²„ìŠ¤ ì— ì¹´ ë®¤ë±… ìŒì¤‘ ì¸ê°€ ì—”ì‹œí‹° ì—”ì‹œí‹°127 ë³´ì´ë„¥ìŠ¤íŠ¸ë„ì–´ ë³´ë„¥ë„ ë‰´ì§„ìŠ¤ íˆ¬ì–´ìŠ¤ ì—”í•˜ì´í”ˆ ì—¬ìì•„ì´ë“¤ ì—”ì‹¸ì¸",2024-07-20T06:52:41.000Z,0,https://twitter.com/twitter/status/1814554003830649246
"RT @HanniTaiwan: [240720]ğŸµâ€™é’ã„çŠç‘šç¤â€™ has entered Melon top100 realtime chart for the first time.

The song has risen from #828 to #118 on Meloâ€¦",2024-07-20T06:52:38.000Z,78,https://twitter.com/twitter/status/1814553989679337798
"RT @NewJeansSTRM: ğŸ‰ @NewJeans_ADOR ìŠˆí¼ë‚´ì¶”ëŸ´ì´ ë©œë¡  ì¼ê°„ì°¨íŠ¸4ìœ„ë¡œ ìˆœìœ„ í”¼í¬ë¥¼ ê¸°ë¡í–ˆìŠµë‹ˆë‹¤.

#NewJeans #ë‰´ì§„ìŠ¤ #Supernatural #RightNow
#ìŠˆí¼ë‚´ì¶”ëŸ´ #ë¡¸ì‡ë‚˜ìš° #NewJeans_is_Everyâ€¦",2024-07-20T06:52:38.000Z,94,https://twitter.com/twitter/status/1814553987384746427
"RT @madzzic: í•˜ ì˜¤ëŠ˜ ê¿ˆì—ì„œ
ë‰´ì§„ì‚¬ ìƒˆë©¤ë²„ë¡œ ë°ë·”í•˜ëŠ”ë°
ì•ˆë¬´ë„ í•˜ë‚˜ë„ ëª¨ë¥´ê³  ì§„ì‹¬ ì € ì•„ì¤Œë§ˆ ë­ëƒëŠ” ì†Œë¦¬ ë“¤ì–´ì„œ ë„ˆë¬´ ê´´ë¡œì› ìŒ ì‹¬ì§€ì–´ ì—°ë§ë¬´ëŒ€ì—ì„œ ë°ë·”í•´ê°€ì§€ê³  ì¸í„°ë„· ë‚œë¦¬ë‚˜ê³  ë¯¼í¬ì§„ì€ ì €ê±° ì«“ì•„ë‚´ë¼ê³  ì†Œë¦¬ì§€ë¥´ê³  ë‰´ì§„ìŠ¤ ë©¤ë²„ë“¤ì´ ë‚˜ ë¶ˆí¸í•´í•˜â€¦",2024-07-20T06:52:30.000Z,1696,https://twitter.com/twitter/status/1814553956875706782
"RT @newjeans_loop: å¤©ã¡ã‚ƒã‚“ Supernatural 

#ë‰´ì§„ìŠ¤ #NewJeans 
#æ«»å‚46 
#å±±ï¨‘å¤© https://t.co/HY1HRFrdTQ",2024-07-20T06:52:30.000Z,754,https://twitter.com/twitter/status/1814553955654848823
"RT @NJchartsJP: NewJeansã¨ãƒ•ã‚©ãƒ¼ãƒˆãƒŠã‚¤ãƒˆãŒä»Šå¹´ã®12æœˆã‹ã‚‰ã‚³ãƒ©ãƒœã‚’é–‹å§‹ã—ã¾ã™ï¼

#NewJeans #ë‰´ì§„ìŠ¤ https://t.co/kIUzPJzbLZ",2024-07-20T06:52:18.000Z,482,https://twitter.com/twitter/status/1814553907290644974
"RT @newjeanswllpp: NewJeans ""Right Now"" #ì‡¼ìŒì•…ì¤‘ì‹¬ Wallpaper (4K) 

#NewJeans #ë‰´ì§„ìŠ¤ @NewJeans_ADOR https://t.co/LObgZB0g1Y",2024-07-20T06:52:15.000Z,108,https://twitter.com/twitter/status/1814553892857753885
"RT @onlyhanni2k4: #ë‰´ì§„ìŠ¤ #í•˜ë‹ˆ #NewJeans #Hanni 
Actress/ radio presenter Choi Hwa Jung showed off the same look to Hanni when she performed Aoâ€¦",2024-07-20T06:52:14.000Z,177,https://twitter.com/twitter/status/1814553888038793438
RT @newjeans_loop: #ë‰´ì§„ìŠ¤ #NewJeans #í•˜ë‹ˆ #Hanni #ãƒãƒ‹ #í•´ë¦° #Haerin #ãƒ˜ãƒªãƒ³ https://t.co/iB0FjA2b2X,2024-07-20T06:52:04.000Z,318,https://twitter.com/twitter/status/1814553847312101428
"2024 ê°€ìš”ëŒ€ì „ ì¸ë¨¸ íƒì‹œíŒŸ summer

ì¸ì²œê³µí•­ ì œ2ì—¬ê°í„°ë¯¸ë„ -&gt; ì¸ìŠ¤íŒŒì´ì–´ ì•„ë ˆë‚˜

ì˜¤í›„ 2ì‹œì¯¤ ì¶œë°œí•  ì˜ˆì •ì…ë‹ˆë‹¤
ì—¬ì„±ë¶„ë§Œ ë°›ì•„ìš”!
https://t.co/ApkQ0169jr

ì œë¡œë² ì´ìŠ¤ì› íˆ¬ë°”íˆ¬ ì—”í•˜ì´í”ˆ ì—”ì‹œí‹° ì¼ì´ì¹  ìœ„ì‹œ ìŠ¤íŠ¸ë ˆì´í‚¤ì¦ˆ ë¥´ì„¸ë¼í•Œ ë‰´ì§„ìŠ¤ ì•„ì¼ë¦¿ ì—”ë¯¹ìŠ¤ í¬ë˜ë¹„í‹° ì•„ì´ë¸Œ",2024-07-20T06:51:54.000Z,0,https://twitter.com/twitter/status/1814553805679427726
"RT @madzzic: í•˜ ì˜¤ëŠ˜ ê¿ˆì—ì„œ
ë‰´ì§„ì‚¬ ìƒˆë©¤ë²„ë¡œ ë°ë·”í•˜ëŠ”ë°
ì•ˆë¬´ë„ í•˜ë‚˜ë„ ëª¨ë¥´ê³  ì§„ì‹¬ ì € ì•„ì¤Œë§ˆ ë­ëƒëŠ” ì†Œë¦¬ ë“¤ì–´ì„œ ë„ˆë¬´ ê´´ë¡œì› ìŒ ì‹¬ì§€ì–´ ì—°ë§ë¬´ëŒ€ì—ì„œ ë°ë·”í•´ê°€ì§€ê³  ì¸í„°ë„· ë‚œë¦¬ë‚˜ê³  ë¯¼í¬ì§„ì€ ì €ê±° ì«“ì•„ë‚´ë¼ê³  ì†Œë¦¬ì§€ë¥´ê³  ë‰´ì§„ìŠ¤ ë©¤ë²„ë“¤ì´ ë‚˜ ë¶ˆí¸í•´í•˜â€¦",2024-07-20T06:51:51.000Z,1696,https://twitter.com/twitter/status/1814553793511440775
"RT @madzzic: í•˜ ì˜¤ëŠ˜ ê¿ˆì—ì„œ
ë‰´ì§„ì‚¬ ìƒˆë©¤ë²„ë¡œ ë°ë·”í•˜ëŠ”ë°
ì•ˆë¬´ë„ í•˜ë‚˜ë„ ëª¨ë¥´ê³  ì§„ì‹¬ ì € ì•„ì¤Œë§ˆ ë­ëƒëŠ” ì†Œë¦¬ ë“¤ì–´ì„œ ë„ˆë¬´ ê´´ë¡œì› ìŒ ì‹¬ì§€ì–´ ì—°ë§ë¬´ëŒ€ì—ì„œ ë°ë·”í•´ê°€ì§€ê³  ì¸í„°ë„· ë‚œë¦¬ë‚˜ê³  ë¯¼í¬ì§„ì€ ì €ê±° ì«“ì•„ë‚´ë¼ê³  ì†Œë¦¬ì§€ë¥´ê³  ë‰´ì§„ìŠ¤ ë©¤ë²„ë“¤ì´ ë‚˜ ë¶ˆí¸í•´í•˜â€¦",2024-07-20T06:51:51.000Z,1696,https://twitter.com/twitter/status/1814553791561408668
"RT @MBC_entertain: ì•„ã…ã…ã…ã…ã…ã…
(ë‹¤ë“¤ ì•„ì‹œê² ì§€ë§Œ) ê³ ë´‰ë°¥ì§„ìŠ¤ ìŒì¤‘ì—ì„œ í•˜ì…ë³´ì´ê¹Œì§€ í–ˆì–´~~ğŸ¥¹ğŸ¥¹ğŸ¥¹
ë•ë¶„ì— ì¦ê±°ì› ìŠµë‹ˆë‹¤~âœ¨âœ¨ğŸ¥

ğŸ“· â˜https://t.co/fLrVawLhMk

240713 #ì‡¼ìŒì•…ì¤‘ì‹¬ #ìŒì¤‘ #ë‰´ì§„ìŠ¤ #NewJeanâ€¦",2024-07-20T06:51:42.000Z,810,https://twitter.com/twitter/status/1814553756337647744
"RT @pilyononohada: ë‰´ì§„ìŠ¤ í•˜ì´í„°ì¹˜íšŒ í•œì • íšŒì¥ í¬ì¹´ ë²„ë‹ˆì¦ˆ ìº í”„ í”„ë¦¬ë¯¸ì—„ ì¼ë°˜ì„ ê³µë°© ë¼ì¸í”„ë Œì¦ˆ ë¬´ë¼ì¹´ë¯¸ í‹°ì…”ì¸ 

í•´ë¦° 8.0
í•˜ë‹ˆ 8.0
ë¯¼ì§€ 5.0
ë‹¨ì²´ 4.0

newjeans pc photocard wts wtb haerinâ€¦",2024-07-20T06:51:35.000Z,0,https://twitter.com/twitter/status/1814553723735318767
RT @HanniTaiwan: [240720]ğŸ’½Hanni â€˜Supernaturalâ€™ and â€˜How Sweetâ€™ album SOLD OUT in more shops/after restock with the highest price on Naver Kâ€¦,2024-07-20T06:51:23.000Z,38,https://twitter.com/twitter/status/1814553672967463414
"RT @madzzic: í•˜ ì˜¤ëŠ˜ ê¿ˆì—ì„œ
ë‰´ì§„ì‚¬ ìƒˆë©¤ë²„ë¡œ ë°ë·”í•˜ëŠ”ë°
ì•ˆë¬´ë„ í•˜ë‚˜ë„ ëª¨ë¥´ê³  ì§„ì‹¬ ì € ì•„ì¤Œë§ˆ ë­ëƒëŠ” ì†Œë¦¬ ë“¤ì–´ì„œ ë„ˆë¬´ ê´´ë¡œì› ìŒ ì‹¬ì§€ì–´ ì—°ë§ë¬´ëŒ€ì—ì„œ ë°ë·”í•´ê°€ì§€ê³  ì¸í„°ë„· ë‚œë¦¬ë‚˜ê³  ë¯¼í¬ì§„ì€ ì €ê±° ì«“ì•„ë‚´ë¼ê³  ì†Œë¦¬ì§€ë¥´ê³  ë‰´ì§„ìŠ¤ ë©¤ë²„ë“¤ì´ ë‚˜ ë¶ˆí¸í•´í•˜â€¦",2024-07-20T06:51:20.000Z,1696,https://twitter.com/twitter/status/1814553661886111888
"RT @NJchartsJP: NewJeansã¨ãƒ•ã‚©ãƒ¼ãƒˆãƒŠã‚¤ãƒˆãŒä»Šå¹´ã®12æœˆã‹ã‚‰ã‚³ãƒ©ãƒœã‚’é–‹å§‹ã—ã¾ã™ï¼

#NewJeans #ë‰´ì§„ìŠ¤ https://t.co/kIUzPJzbLZ",2024-07-20T06:51:14.000Z,482,https://twitter.com/twitter/status/1814553638821634349
"RT @NewJeansCharts: .@NewJeans_ADOR Gaming Collabs

âœ… League of Legends (October 2023)
âœ… PUBG (June 2024)
ğŸ”œ Fortnite (December 2024)

#NewJâ€¦",2024-07-20T06:51:12.000Z,589,https://twitter.com/twitter/status/1814553630617301356
"#ë‰´ì§„ìŠ¤ #NewJeans #ë¯¼ì§€ #Minji #ãƒŸãƒ³ã‚¸

Obsessed with her voice https://t.co/aBDGTMcDvW",2024-07-20T06:51:12.000Z,0,https://twitter.com/twitter/status/1814553626838192539
"RT @soungnn: Happy 2nd anniversary to NewjeansğŸ˜ğŸ¥³ğŸ¥³!!!
#Newjeans 
#happy_2nd_anniversary_Newjeans
#ë‰´ì§„ìŠ¤ https://t.co/gBvBCjjqZM",2024-07-20T06:51:06.000Z,100,https://twitter.com/twitter/status/1814553602515742987
"ì•„ì´ìœ  ìƒì¼ì¹´í˜ ì„¸íŠ¸ íŒ¬ì½˜ í¬ì¹´ ì–‘ì¼ ì„¸íŠ¸ ë‹¤ìœ¡ì´ í† ì•„ë¦¬ ì¸í˜•í‚¤ë§ ì‹¤ë²„ ì•„ì´í¬ ì–‘ë„

ë°°ì†¡ë¹„ ë³„ë„

IU ìœ ì• ë‚˜ ìŒíŒŒë°˜ì§€ í¬í† ì¹´ë“œ ìƒì¹´ ì—­ì¡°ê³µ íŠ¹ì „ í‚¤íŠ¸ 1ê¸° 2ê¸° 3ê¸° ë¯¸ê³µí¬ í´ë¼ í´ë¼ë¡œì´ë“œ ì—ìŠ¤íŒŒ ì¹´ë¦¬ë‚˜ ìœˆí„° ë‰´ì§„ìŠ¤ ì•„ì´ë¸Œ ì¥ì›ì˜ ì•ˆìœ ì§„ ë¥´ì„¸ë¼í•Œ ì—”ë¯¹ìŠ¤ íŠ¸ë¦¬í”Œì—ìŠ¤ photocard poca pc sell wts https://t.co/En3f79BmLZ",2024-07-20T06:51:02.000Z,0,https://twitter.com/twitter/status/1814553588657762452
"RT @tribedaloca: [ğŸ¥]
íŠ¸ë¼ì´ë¹„ì˜ í‹±í†¡ ì˜ìƒì´ ì—…ë¡œë“œ ë˜ì—ˆìŠµë‹ˆë‹¤ğŸ¶
SupernaturalğŸ€

ğŸ”— https://t.co/PVE9JVCzZH

#íŠ¸ë¼ì´ë¹„ #TRI_BE 
#í˜„ë¹ˆ #HyunBin #ë¯¸ë ˆ #MiRe #ì¼ˆë¦¬ #kelly 
#ë‰´â€¦",2024-07-20T06:50:57.000Z,49,https://twitter.com/twitter/status/1814553567585304589
RT @taeny_73: ë” ì—°ìŠµí•´ì•¼ê² ë‹¤ ì˜¤í˜¸í˜¸í˜¸ #ë‰´ì§„ìŠ¤ #Newjeans https://t.co/1cc21XyZn6,2024-07-20T06:50:57.000Z,3,https://twitter.com/twitter/status/1814553565219987920
"RT @joker_bunnies: ğŸ˜²~
#ë†€ëŸ¬ì™€ìš”_ë‰´ì§„ìŠ¤ìˆ² 
#ë‰´ì§„ìŠ¤ #Newjeans #NEWãƒ¼ã˜ãƒ¼ã‚“ãš #ë‰´ì§„ìŠ¤2ì£¼ë…„ì¹´í˜ https://t.co/iy5qv7aKJ0",2024-07-20T06:50:56.000Z,9,https://twitter.com/twitter/status/1814553560761184315
"RT @madzzic: í•˜ ì˜¤ëŠ˜ ê¿ˆì—ì„œ
ë‰´ì§„ì‚¬ ìƒˆë©¤ë²„ë¡œ ë°ë·”í•˜ëŠ”ë°
ì•ˆë¬´ë„ í•˜ë‚˜ë„ ëª¨ë¥´ê³  ì§„ì‹¬ ì € ì•„ì¤Œë§ˆ ë­ëƒëŠ” ì†Œë¦¬ ë“¤ì–´ì„œ ë„ˆë¬´ ê´´ë¡œì› ìŒ ì‹¬ì§€ì–´ ì—°ë§ë¬´ëŒ€ì—ì„œ ë°ë·”í•´ê°€ì§€ê³  ì¸í„°ë„· ë‚œë¦¬ë‚˜ê³  ë¯¼í¬ì§„ì€ ì €ê±° ì«“ì•„ë‚´ë¼ê³  ì†Œë¦¬ì§€ë¥´ê³  ë‰´ì§„ìŠ¤ ë©¤ë²„ë“¤ì´ ë‚˜ ë¶ˆí¸í•´í•˜â€¦",2024-07-20T06:50:55.000Z,1696,https://twitter.com/twitter/status/1814553556734628157
"RT @MarkJP1008: NewJeans Bunnies Camp Tokyo 2024 at WOWOW

**Special feature on NewJeans for 4 consecutive months and A special interview fâ€¦",2024-07-20T06:50:52.000Z,151,https://twitter.com/twitter/status/1814553546542755865
"RT @onlyhanni2k4: #ë‰´ì§„ìŠ¤ #í•˜ë‹ˆ #NewJeans #Hanni 
Actress/ radio presenter Choi Hwa Jung showed off the same look to Hanni when she performed Aoâ€¦",2024-07-20T06:50:52.000Z,177,https://twitter.com/twitter/status/1814553545137660100
"RT @VIDINHYE: í˜œì¸ ì„ ì‘í’ìœ¼ë¡œ ê·¸ë ¤ë³´ì•˜ë‹¤ à´¦àµà´¦à´¿ Ë‰ÍˆÌ€ê’³Ë‰ÍˆÌ )âœ§

#NewJeans #ë‰´ì§„ìŠ¤ #Hyein #í˜œì¸ https://t.co/mejJ8HVMda",2024-07-20T06:50:51.000Z,5180,https://twitter.com/twitter/status/1814553539462443120
"RT @madzzic: í•˜ ì˜¤ëŠ˜ ê¿ˆì—ì„œ
ë‰´ì§„ì‚¬ ìƒˆë©¤ë²„ë¡œ ë°ë·”í•˜ëŠ”ë°
ì•ˆë¬´ë„ í•˜ë‚˜ë„ ëª¨ë¥´ê³  ì§„ì‹¬ ì € ì•„ì¤Œë§ˆ ë­ëƒëŠ” ì†Œë¦¬ ë“¤ì–´ì„œ ë„ˆë¬´ ê´´ë¡œì› ìŒ ì‹¬ì§€ì–´ ì—°ë§ë¬´ëŒ€ì—ì„œ ë°ë·”í•´ê°€ì§€ê³  ì¸í„°ë„· ë‚œë¦¬ë‚˜ê³  ë¯¼í¬ì§„ì€ ì €ê±° ì«“ì•„ë‚´ë¼ê³  ì†Œë¦¬ì§€ë¥´ê³  ë‰´ì§„ìŠ¤ ë©¤ë²„ë“¤ì´ ë‚˜ ë¶ˆí¸í•´í•˜â€¦",2024-07-20T06:50:49.000Z,1696,https://twitter.com/twitter/status/1814553534035337369
"RT @madzzic: í•˜ ì˜¤ëŠ˜ ê¿ˆì—ì„œ
ë‰´ì§„ì‚¬ ìƒˆë©¤ë²„ë¡œ ë°ë·”í•˜ëŠ”ë°
ì•ˆë¬´ë„ í•˜ë‚˜ë„ ëª¨ë¥´ê³  ì§„ì‹¬ ì € ì•„ì¤Œë§ˆ ë­ëƒëŠ” ì†Œë¦¬ ë“¤ì–´ì„œ ë„ˆë¬´ ê´´ë¡œì› ìŒ ì‹¬ì§€ì–´ ì—°ë§ë¬´ëŒ€ì—ì„œ ë°ë·”í•´ê°€ì§€ê³  ì¸í„°ë„· ë‚œë¦¬ë‚˜ê³  ë¯¼í¬ì§„ì€ ì €ê±° ì«“ì•„ë‚´ë¼ê³  ì†Œë¦¬ì§€ë¥´ê³  ë‰´ì§„ìŠ¤ ë©¤ë²„ë“¤ì´ ë‚˜ ë¶ˆí¸í•´í•˜â€¦",2024-07-20T06:50:39.000Z,1696,https://twitter.com/twitter/status/1814553491341521090
"RT @NJchartsJP: NewJeansã¨ãƒ•ã‚©ãƒ¼ãƒˆãƒŠã‚¤ãƒˆãŒä»Šå¹´ã®12æœˆã‹ã‚‰ã‚³ãƒ©ãƒœã‚’é–‹å§‹ã—ã¾ã™ï¼

#NewJeans #ë‰´ì§„ìŠ¤ https://t.co/kIUzPJzbLZ",2024-07-20T06:50:32.000Z,482,https://twitter.com/twitter/status/1814553459338723838
"RT @NewJeansCharts: .@NewJeans_ADOR Gaming Collabs

âœ… League of Legends (October 2023)
âœ… PUBG (June 2024)
ğŸ”œ Fortnite (December 2024)

#NewJâ€¦",2024-07-20T06:50:28.000Z,589,https://twitter.com/twitter/status/1814553442423115836
"RT @lovablDea: ì•„ë¯¸ì¹˜ê² ë„¤
ìº£ë‹¢ì¦ˆ ì–´ì œ ì‡¼í•‘í•˜ë‹¤ê°€ ë‰´ì§„ìŠ¤ ê°€ë°© ë©”ê³  ìˆëŠ” ì‚¬ëŒ ë´¤ëŠ”ë°
ê°•í•´ë¦° ëê¹Œì§€ ì«“ì•„ë‹¤ë‹ˆë‹¤ê°€ ì¸µ í•œë°”í€´ ëŒê³ ë‚˜ì„œë„ ë’¤ ì•ˆ ëŒì•„ë³´ë‹ˆê¹Œ ë¯¼ì§€ê°€ ê²¨ìš° í¬ê¸°ì‹œì¼°ëŒ€ ã…‹ã…‹ã…‹ã…‹ã…‹ã…‹ https://t.co/1FPoi4WmEq",2024-07-20T06:50:23.000Z,207,https://twitter.com/twitter/status/1814553424543006998
"ë‰´ì§„ìŠ¤ ë¯¸ê°œë´‰ ìƒˆìƒí’ˆ ì •í’ˆ êµ¿ì¦ˆ ì–‘ë„ íŒë§¤ sell

íŒŒì›Œí¼í”„ê±¸ ë©”íƒˆ í‚¤ë§ í•˜ë‹ˆ
íŒŒì›Œí¼í”„ê±¸ ì•„í¬ë¦´ ìŠ¤ë§ˆíŠ¸í†¡ í•˜ë‹ˆ
íŒŒì›Œí¼í”„ê±¸ ì•„í¬ë¦´ ìŠ¤ë§ˆíŠ¸í†¡ ë²„ë‹ˆ

ë°”ì´ì˜¤ í™•ì¸ í›„ dm ì£¼ì„¸ìš”

newjeans md hanni ë²„ë‹ˆì¦ˆ ë²„ë‹ˆë‹ˆ ë¼ì¸í”„ë Œì¦ˆ powerpuffgirls í¬ì¹´ pc poca wts smarttok keyring ê·¸ë¦½í†¡ íŒì—… https://t.co/iBwAA1TuO7",2024-07-20T06:50:04.000Z,0,https://twitter.com/twitter/status/1814553345337516328
"RT @madzzic: í•˜ ì˜¤ëŠ˜ ê¿ˆì—ì„œ
ë‰´ì§„ì‚¬ ìƒˆë©¤ë²„ë¡œ ë°ë·”í•˜ëŠ”ë°
ì•ˆë¬´ë„ í•˜ë‚˜ë„ ëª¨ë¥´ê³  ì§„ì‹¬ ì € ì•„ì¤Œë§ˆ ë­ëƒëŠ” ì†Œë¦¬ ë“¤ì–´ì„œ ë„ˆë¬´ ê´´ë¡œì› ìŒ ì‹¬ì§€ì–´ ì—°ë§ë¬´ëŒ€ì—ì„œ ë°ë·”í•´ê°€ì§€ê³  ì¸í„°ë„· ë‚œë¦¬ë‚˜ê³  ë¯¼í¬ì§„ì€ ì €ê±° ì«“ì•„ë‚´ë¼ê³  ì†Œë¦¬ì§€ë¥´ê³  ë‰´ì§„ìŠ¤ ë©¤ë²„ë“¤ì´ ë‚˜ ë¶ˆí¸í•´í•˜â€¦",2024-07-20T06:49:58.000Z,1696,https://twitter.com/twitter/status/1814553319127584948
"ë‰´ì§„ìŠ¤ ìŠˆí¼ë‚´ì¶”ëŸ´ ë¬´ë¼ì¹´ë¯¸ ë“œë¡œì‰ ë°± ë¯¸ê°œë´‰ ì–‘ë„

ê°œë‹¹ 1.9
unopened album

ë¯¸ê°œë´‰ì´ê¸° ë•Œë¬¸ì— ëˆ„ë½, í•˜ì ì±…ì„X
ë””ì—  ì£¼ì„¸ìš”!

Newjeans Supernatural NJ x Murakami Drawstring Bag poca pc pob wts sell weverse minji hanni haerin hyein ìŠ¤íŠ¸ë§ ê°€ë°© ì§ìƒ‰ https://t.co/tXfBOd437y",2024-07-20T06:49:51.000Z,0,https://twitter.com/twitter/status/1814553289717129687
"RT @NewJeans_twt: My favorite flower!!ğŸ­ğŸ’˜ğŸŒ¼

#NewJeans #ë‰´ì§„ìŠ¤ #DANIELLE #ë‹¤ë‹ˆì—˜ https://t.co/NfZhb54RdK",2024-07-20T06:49:50.000Z,6580,https://twitter.com/twitter/status/1814553283056574977
ë‰´ì§„ìŠ¤ x í¬íŠ¸ë‚˜ì´íŠ¸ ê¸°ëŒ€ë˜ë„¤ìš” ì´ë²ˆ ì½œë¼ë³´ëŠ” ë³„íƒˆì—†ì´ ì˜ ì„±ê³µí•˜ê¸¸,2024-07-20T06:49:45.000Z,0,https://twitter.com/twitter/status/1814553265021067665
"ğŸ¶ğŸ±

#NewJeans #ë‰´ì§„ìŠ¤ #DANIELLE #HAERIN https://t.co/ygYIOXp7E5",2024-07-20T06:49:40.000Z,0,https://twitter.com/twitter/status/1814553241063202972
"RT @MarkJP1008: NewJeans x PUBG storyboard

#NewJeans #ë‰´ì§„ìŠ¤ 
#NewJeans_is_Everywhere
#Minji #Hanni #Haerin #Hyein #Danielle https://t.co/rkdâ€¦",2024-07-20T06:49:35.000Z,115,https://twitter.com/twitter/status/1814553223128359432
"ë‰´ì§„ìŠ¤ ìŠˆí¼ë‚´ì¶”ëŸ´ ê³µë°©í¬ì¹´ ì–‘ë„

ë¯¼ì§€ 1.8 í•´ë¦° 2.8 ë‹¤ë‹ˆì—˜ 1.3 í˜œì¸ 1.0
ì „ì²´ ì¼ê´„ êµ¬ë§¤ì‹œ 6.5

ì „ë¶€ í•˜ì ì—†ìŠµë‹ˆë‹¤! ë””ì—  ì£¼ì„¸ìš”~

Newjeans supernatural minji hanni haerin danielle hyein murakami Drawstring Bag poca pc pob wts sell weverse broadcast ì‚¬ë…¹ ìŒë°© https://t.co/hZ59nkakRj",2024-07-20T06:49:35.000Z,0,https://twitter.com/twitter/status/1814553219743314108
"RT @kingcowbaby_: New jeans ë‰´ì§„ìŠ¤ line friends pop-up ë¼ì¸ í”„ë Œì¦ˆ íŒì—… supernatural ìŠˆí¼ë‚´ì¶”ëŸ´ photocard í¬ì¹´ ê±°ë˜ ì–‘ë„í•´ìš” 
DM / ì¹´í†¡ ì£¼ì„¸ìš”
eng âœ”ï¸

newjeans ë‰´ì§„ìŠ¤ phoâ€¦",2024-07-20T06:49:25.000Z,1,https://twitter.com/twitter/status/1814553180228776196
"ë‰´ì§„ìŠ¤ ë¯¸ê°œë´‰ ìƒˆìƒí’ˆ ì •í’ˆ êµ¿ì¦ˆ ì–‘ë„ íŒë§¤ sell

ë²„ë‹ˆë‹ˆ ì½”ìŠ¤íŠ¬ í”ŒëŸ¬ì‹œ í•‘í¬ 
í”ŒëŸ¬í”¼ í‚¤ë§

ë°”ì´ì˜¤ í™•ì¸ í›„ dm ì£¼ì„¸ìš”

newjeans hanni í•˜ë‹ˆ ë²„ë‹ˆì¦ˆ ë²„ë‹ˆë‹ˆ ë¼ì¸í”„ë Œì¦ˆ md í† ë¼ tokki pink í¬ì¹´ pc poca wts doll keyring bunini linefriends íŒì—… ë¯¼ì§€ minji í•´ë¦° haerin ë‹¤ë‹ˆì—˜ danielle í˜œì¸ https://t.co/DAnitDO2gd",2024-07-20T06:49:25.000Z,0,https://twitter.com/twitter/status/1814553180212240645
ğŸ’› 240713 ë‰´ì§„ìŠ¤ ìŒì¤‘ ì‚¬ë…¹2   1në²ˆ ì„±ê³µ https://t.co/rLfpmkvZJC,2024-07-20T06:49:13.000Z,0,https://twitter.com/twitter/status/1814553128420974693
RT @NewJeansCharts: The rumored @FortniteGame x @NewJeans_ADOR collab will include a concert within the game and skins that will be releaseâ€¦,2024-07-20T06:49:08.000Z,375,https://twitter.com/twitter/status/1814553106610622698
"RT @madzzic: í•˜ ì˜¤ëŠ˜ ê¿ˆì—ì„œ
ë‰´ì§„ì‚¬ ìƒˆë©¤ë²„ë¡œ ë°ë·”í•˜ëŠ”ë°
ì•ˆë¬´ë„ í•˜ë‚˜ë„ ëª¨ë¥´ê³  ì§„ì‹¬ ì € ì•„ì¤Œë§ˆ ë­ëƒëŠ” ì†Œë¦¬ ë“¤ì–´ì„œ ë„ˆë¬´ ê´´ë¡œì› ìŒ ì‹¬ì§€ì–´ ì—°ë§ë¬´ëŒ€ì—ì„œ ë°ë·”í•´ê°€ì§€ê³  ì¸í„°ë„· ë‚œë¦¬ë‚˜ê³  ë¯¼í¬ì§„ì€ ì €ê±° ì«“ì•„ë‚´ë¼ê³  ì†Œë¦¬ì§€ë¥´ê³  ë‰´ì§„ìŠ¤ ë©¤ë²„ë“¤ì´ ë‚˜ ë¶ˆí¸í•´í•˜â€¦",2024-07-20T06:49:03.000Z,1696,https://twitter.com/twitter/status/1814553088608641526
"RT @MarkJP1008: Itzy Yeji used Supernatural on her new post

#NewJeans #ë‰´ì§„ìŠ¤ https://t.co/GEVkApmnvd",2024-07-20T06:49:02.000Z,208,https://twitter.com/twitter/status/1814553082140950630
"RT @MarkJP1008: Itzy Yeji used Supernatural on her new post

#NewJeans #ë‰´ì§„ìŠ¤ https://t.co/GEVkApmnvd",2024-07-20T06:49:00.000Z,208,https://twitter.com/twitter/status/1814553075098788200
"RT @JPNGenius: #GeniusCharts | ä»Šé€±ã® Genius Japan ç·åˆ TOP 10 ã‚½ãƒ³ã‚°ãƒ»ãƒãƒ£ãƒ¼ãƒˆ (2024.7.10â€“7.16 é›†è¨ˆï¼W28)

1ä½ Megan Thee Stallion ft. åƒè‘‰é›„å–œ
2ä½ BE:FIRST &amp; Aâ€¦",2024-07-20T06:48:50.000Z,267,https://twitter.com/twitter/status/1814553033499681100
"RT @newjeans_loop: å¤©ã¡ã‚ƒã‚“ Supernatural 

#ë‰´ì§„ìŠ¤ #NewJeans 
#æ«»å‚46 
#å±±ï¨‘å¤© https://t.co/HY1HRFrdTQ",2024-07-20T06:48:46.000Z,754,https://twitter.com/twitter/status/1814553014671216934
"RT @joker_bunnies: ğŸ¬~!!         ğŸ“¹ğŸ§¢
#ë†€ëŸ¬ì™€ìš”_ë‰´ì§„ìŠ¤ìˆ² 
#ë‰´ì§„ìŠ¤ #Newjeans #NEWãƒ¼ã˜ãƒ¼ã‚“ãš #ë‰´ì§„ìŠ¤2ì£¼ë…„ì¹´í˜ https://t.co/UaVknmpqNb",2024-07-20T06:48:45.000Z,2,https://twitter.com/twitter/status/1814553011949346923
"RT @UpdatesNewJeans: [ğŸ“¢] 

Fortnite will collaborate with NewJeans in December 

#NewJeans #ë‰´ì§„ìŠ¤ https://t.co/2RrtbVFNNA",2024-07-20T06:48:42.000Z,571,https://twitter.com/twitter/status/1814553000570200084
RT @newjeans_loop: #ë‰´ì§„ìŠ¤ #NewJeans #í•˜ë‹ˆ #Hanni #ãƒãƒ‹ #í•´ë¦° #Haerin #ãƒ˜ãƒªãƒ³ https://t.co/iB0FjA2b2X,2024-07-20T06:48:40.000Z,318,https://twitter.com/twitter/status/1814552992676233400
"RT @tribedaloca: [ğŸ¥]
íŠ¸ë¼ì´ë¹„ì˜ í‹±í†¡ ì˜ìƒì´ ì—…ë¡œë“œ ë˜ì—ˆìŠµë‹ˆë‹¤ğŸ¶
SupernaturalğŸ€

ğŸ”— https://t.co/PVE9JVCzZH

#íŠ¸ë¼ì´ë¹„ #TRI_BE 
#í˜„ë¹ˆ #HyunBin #ë¯¸ë ˆ #MiRe #ì¼ˆë¦¬ #kelly 
#ë‰´â€¦",2024-07-20T06:48:39.000Z,49,https://twitter.com/twitter/status/1814552987647549527
"#ë‰´ì§„ìŠ¤ #NewJeans #ë¯¼ì§€ #Minji #ãƒŸãƒ³ã‚¸

Sheâ€™s unreal 

 https://t.co/6wJqciZVpv",2024-07-20T06:48:38.000Z,0,https://twitter.com/twitter/status/1814552982081417459
RT @serinepi: ë¦¬í—¨ì¦ˆ : ê¸°ì¸ì•„ ë„Œ ë‚´ ì•„ì´ëŒì´ì•¼ ë‚´ ë‰´ì§„ìŠ¤ëŠ” ë°”ë¡œ KTì˜ ê¸°ì¸ì´ì•¼ ê¸°ì¸ì•„ ê·¸ëŸ¼ ì¶¤ì¶°ì£¼ë©´? #KTWin #Lehends #Kiin https://t.co/4c0czl5IRy,2024-07-20T06:48:29.000Z,26,https://twitter.com/twitter/status/1814552946346242241
"RT @madzzic: í•˜ ì˜¤ëŠ˜ ê¿ˆì—ì„œ
ë‰´ì§„ì‚¬ ìƒˆë©¤ë²„ë¡œ ë°ë·”í•˜ëŠ”ë°
ì•ˆë¬´ë„ í•˜ë‚˜ë„ ëª¨ë¥´ê³  ì§„ì‹¬ ì € ì•„ì¤Œë§ˆ ë­ëƒëŠ” ì†Œë¦¬ ë“¤ì–´ì„œ ë„ˆë¬´ ê´´ë¡œì› ìŒ ì‹¬ì§€ì–´ ì—°ë§ë¬´ëŒ€ì—ì„œ ë°ë·”í•´ê°€ì§€ê³  ì¸í„°ë„· ë‚œë¦¬ë‚˜ê³  ë¯¼í¬ì§„ì€ ì €ê±° ì«“ì•„ë‚´ë¼ê³  ì†Œë¦¬ì§€ë¥´ê³  ë‰´ì§„ìŠ¤ ë©¤ë²„ë“¤ì´ ë‚˜ ë¶ˆí¸í•´í•˜â€¦",2024-07-20T06:48:00.000Z,1696,https://twitter.com/twitter/status/1814552823561892276
"RT @MBC_entertain: ì•„ã…ã…ã…ã…ã…ã…
(ë‹¤ë“¤ ì•„ì‹œê² ì§€ë§Œ) ê³ ë´‰ë°¥ì§„ìŠ¤ ìŒì¤‘ì—ì„œ í•˜ì…ë³´ì´ê¹Œì§€ í–ˆì–´~~ğŸ¥¹ğŸ¥¹ğŸ¥¹
ë•ë¶„ì— ì¦ê±°ì› ìŠµë‹ˆë‹¤~âœ¨âœ¨ğŸ¥

ğŸ“· â˜https://t.co/fLrVawLhMk

240713 #ì‡¼ìŒì•…ì¤‘ì‹¬ #ìŒì¤‘ #ë‰´ì§„ìŠ¤ #NewJeanâ€¦",2024-07-20T06:47:58.000Z,810,https://twitter.com/twitter/status/1814552813361639765
RT @bluemoon_hn: 240720 WOWOWãƒ—ãƒ©ã‚¤ãƒ  #ë‰´ì§„ìŠ¤ #NewJeans https://t.co/Q7KC4qOlxS,2024-07-20T06:47:55.000Z,40,https://twitter.com/twitter/status/1814552802259316884
RT @bluemoon_hn: 240720 WOWOWãƒ—ãƒ©ã‚¤ãƒ  #ë‰´ì§„ìŠ¤ #NewJeans https://t.co/Q7KC4qOlxS,2024-07-20T06:47:36.000Z,40,https://twitter.com/twitter/status/1814552722714313156
"RT @UpdatesNewJeans: [ğŸ“¢] 

Fortnite will collaborate with NewJeans in December 
